Workbook

Sheet Output Log
A1: ContentAlchemy — Prompt Output Log (Power BI Data Source)
A2: Date | B2: Product Name | C2: Category | D2: State | E2: Review Rating | F2: Prompt Type | G2: Content Type | H2: Output Text | I2: CA Score | J2: SA Score | K2: CTA Score | L2: P Score | M2: Average Score
A3: 06-04-2026 | B3: Cookware Set | C3: Home & Kitchen | D3: Maharashtra | E3: 5 | F3: STRUCTURED | G3: Instagram Caption | H3: Transform Your Kitchen, Transform Your Cooking! Calling all food lovers in Maharashtra! Meet your kitchen's new best friend — our premium Cookware Set that's winning hearts across India! 5-star rated by happy home chefs. Superior build that lasts for years. Special Price: Rs.12,195 only! Shop Now on Amazon India. | I3: 5 | J3: 5 | K3: 5 | L3: 4 | M3: =AVERAGE(I3:L3) -> 4.75
A4: 06-04-2026 | B4: Cookware Set | C4: Home & Kitchen | D4: Maharashtra | E4: 5 | F4: GENERIC | G4: Instagram Caption | H4: Upgrade your kitchen with cookware that works as hard as you do. Even heat. Non-stick ease. Built to last. From quick breakfasts to gourmet dinners, every meal feels effortless. Tap to upgrade your cooking game. | I4: 2 | J4: 3 | K4: 3 | L4: 1 | M4: =AVERAGE(I4:L4) -> 2.25
A5: 06-04-2026 | B5: Cookware Set | C5: Home & Kitchen | D5: Sikkim | E5: 1 | F5: STRUCTURED | G5: Email Response | H5: Subject: We're sorry about your experience. Dear Customer, Thank you for sharing your feedback. We're truly sorry the cookware set did not meet your expectations. We offer a full refund of Rs.25,574 or free replacement. We also offer an exclusive discount voucher for your next purchase. Warm regards, Customer Experience Team. | I5: 5 | J5: 5 | K5: 4 | L5: 5 | M5: =AVERAGE(I5:L5) -> 4.75
A6: 06-04-2026 | B6: Cookware Set | C6: Home & Kitchen | D6: Sikkim | E6: 1 | F6: GENERIC | G6: Email Response | H6: Thank you for sharing your feedback. We're really sorry to hear that your experience with our cookware set didn't meet expectations. Please reach out to us with your order details so our customer care team can assist you. Thank you for giving us a try. | I6: 2 | J6: 3 | K6: 2 | L6: 1 | M6: =AVERAGE(I6:L6) -> 2
A7: 06-04-2026 | B7: Hair Dryer | C7: Beauty | D7: Telangana | E7: 5 | F7: STRUCTURED | G7: Instagram Caption | H7: Turn everyday hair days into salon-level glam. Engineered for fast drying with powerful airflow. Advanced heat control to reduce frizz and protect shine. Luxury performance worth every rupee at Rs.19,361. 5/5 from a happy customer in Telangana: Excellent product! Best-sellers don't stay in stock for long. Shop now and upgrade your hair game today. #HairGoals #BeautyMustHave #SalonAtHome | I7: 5 | J7: 5 | K7: 5 | L7: 4 | M7: =AVERAGE(I7:L7) -> 4.75
A8: 06-04-2026 | B8: Hair Dryer | C8: Beauty | D8: Telangana | E8: 5 | F8: GENERIC | G8: Instagram Caption | H8: Salon-Smooth Hair. Every Single Day. Meet the hair dryer that dries faster, styles better, and protects your shine. Powerful airflow. Less heat damage. Lightweight and easy to use. Good hair days just got effortless. Tap to shine. #HairGoals #StyleAtHome #HealthyHair | I8: 2 | J8: 3 | K8: 3 | L8: 1 | M8: =AVERAGE(I8:L8) -> 2.25
A9: 06-04-2026 | B9: Hair Dryer | C9: Beauty | D9: Tripura | E9: 2 | F9: STRUCTURED | G9: Email Campaign | H9: Subject: Thank you for your feedback — let us help you get the best experience. Dear Customer, Thank you for sharing your honest feedback. For a premium purchase of Rs.46,303 it's understandable to expect excellence. We offer a free exchange or complimentary personalised usage guide. We are also extending an exclusive loyalty discount on your next purchase. Warm regards, Customer Care Team. | I9: 5 | J9: 4 | K9: 4 | L9: 5 | M9: =AVERAGE(I9:L9) -> 4.5
A10: 06-04-2026 | B10: Hair Dryer | C10: Beauty | D10: Tripura | E10: 2 | F10: GENERIC | G10: Email Campaign | H10: Subject: We'd Love to Make This Right. Hi Customer, We're sorry to hear that you weren't satisfied with your hair dryer. That's not the experience we want you to have. Please reach out to us with your order details so we can assist you further. Thank you for giving us a try. Best, Brand Name Team. | I10: 1 | J10: 3 | K10: 2 | L10: 1 | M10: =AVERAGE(I10:L10) -> 1.75
A11: 06-04-2026 | B11: Headphones | C11: Electronics | D11: Assam | E11: 5 | F11: STRUCTURED | G11: Product Description | H11: Experience Studio-Grade Sound — Built for True Audio Enthusiasts. Designed for tech-savvy listeners who demand precision, these premium headphones deliver immersive sound with exceptional clarity. High-Resolution Audio Drivers. Advanced Noise Isolation. Low-Latency Performance. Premium Build and Comfort. Seamless Connectivity. 5/5 Rating — Verified Buyer from Assam: Highly recommend! Available now for Rs.38,145. Upgrade your listening experience today — order now on Amazon. | I11: 5 | J11: 5 | K11: 5 | L11: 4 | M11: =AVERAGE(I11:L11) -> 4.75
A12: 06-04-2026 | B12: Headphones | C12: Electronics | D12: Assam | E12: 5 | F12: GENERIC | G12: Product Description | H12: Premium Wireless Headphones. Experience powerful sound and all-day comfort with headphones designed for music lovers, gamers, and busy lifestyles alike. Rich Balanced Sound. Comfort Fit Design. Wireless Convenience. Long Battery Life. Built-in Microphone. Foldable and Lightweight. Upgrade your listening experience with headphones that combine performance, style, and reliability. | I12: 2 | J12: 3 | K12: 3 | L12: 1 | M12: =AVERAGE(I12:L12) -> 2.25

Sheet Summary Stats
A1: ContentAlchemy — Summary Statistics for Power BI
A2: Metric | B2: Structured Avg | C2: Generic Avg | D2: Difference | E2: Winner
A3: Contextual Accuracy | B3: =AVERAGEIF('Output Log'!F3:F12,"STRUCTURED",'Output Log'!I3:I12) -> 5 | C3: =AVERAGEIF('Output Log'!F3:F12,"GENERIC",'Output Log'!I3:I12) -> 1.8 | D3: =B3-C3 -> 3.2 | E3: =IF(B3>C3,"STRUCTURED WINS","GENERIC WINS") -> STRUCTURED WINS
A4: Sentiment Alignment | B4: =AVERAGEIF('Output Log'!F3:F12,"STRUCTURED",'Output Log'!J3:J12) -> 4.8 | C4: =AVERAGEIF('Output Log'!F3:F12,"GENERIC",'Output Log'!J3:J12) -> 3 | D4: =B4-C4 -> 1.8 | E4: =IF(B4>C4,"STRUCTURED WINS","GENERIC WINS") -> STRUCTURED WINS
A5: CTA Strength | B5: =AVERAGEIF('Output Log'!F3:F12,"STRUCTURED",'Output Log'!K3:K12) -> 4.6 | C5: =AVERAGEIF('Output Log'!F3:F12,"GENERIC",'Output Log'!K3:K12) -> 2.6 | D5: =B5-C5 -> 2 | E5: =IF(B5>C5,"STRUCTURED WINS","GENERIC WINS") -> STRUCTURED WINS
A6: Personalization | B6: =AVERAGEIF('Output Log'!F3:F12,"STRUCTURED",'Output Log'!L3:L12) -> 4.4 | C6: =AVERAGEIF('Output Log'!F3:F12,"GENERIC",'Output Log'!L3:L12) -> 1 | D6: =B6-C6 -> 3.4 | E6: =IF(B6>C6,"STRUCTURED WINS","GENERIC WINS") -> STRUCTURED WINS
A7: Overall Average | B7: =AVERAGEIF('Output Log'!F3:F12,"STRUCTURED",'Output Log'!M3:M12) -> 4.7 | C7: =AVERAGEIF('Output Log'!F3:F12,"GENERIC",'Output Log'!M3:M12) -> 2.1 | D7: =B7-C7 -> 2.6 | E7: =IF(B7>C7,"STRUCTURED WINS","GENERIC WINS") -> STRUCTURED WINS
